{"cameraMode":{"drawMode":0,"name":"Shaded","section":"Shading Mode"},"sceneLighting":false,"audioPlay":false,"sceneViewState":{"showFog":true,"showMaterialUpdate":true,"showSkybox":true,"showFlares":true,"showImageEffects":true,"showParticleSystems":true,"showVisualEffectGraphs":true,"m_FxEnabled":true},"in2DMode":false,"pivot":{"x":0.2575712502002716,"y":1.5126914978027344,"z":0.6742687225341797},"rotation":{"x":-0.26847127079963686,"y":-0.006647986825555563,"z":0.001854317612014711,"w":-0.9632743000984192},"size":15.711067199707032,"orthographic":false}