{"cameraMode":{"drawMode":0,"name":"Shaded","section":"Shading Mode"},"sceneLighting":false,"audioPlay":false,"sceneViewState":{"showFog":true,"showMaterialUpdate":true,"showSkybox":true,"showFlares":true,"showImageEffects":true,"showParticleSystems":true,"showVisualEffectGraphs":true,"m_FxEnabled":true},"in2DMode":false,"pivot":{"x":-0.1131104975938797,"y":6.927608966827393,"z":-11.524261474609375},"rotation":{"x":-0.13636964559555055,"y":-0.014266375452280045,"z":0.0019669129978865387,"w":-0.9905617237091065},"size":1.1541390419006348,"orthographic":false}