{"cameraMode":{"drawMode":0,"name":"Shaded","section":"Shading Mode"},"sceneLighting":false,"audioPlay":false,"sceneViewState":{"showFog":true,"showMaterialUpdate":true,"showSkybox":true,"showFlares":true,"showImageEffects":true,"showParticleSystems":true,"showVisualEffectGraphs":true,"m_FxEnabled":true},"in2DMode":false,"pivot":{"x":0.29914605617523196,"y":1.4738903045654297,"z":-0.5394096374511719},"rotation":{"x":-0.2655848264694214,"y":-0.0037616135086864235,"z":0.0010366453789174557,"w":-0.9640921950340271},"size":7.71183443069458,"orthographic":false}